Designator,Val,Package,Mid X,Mid Y,Rotation,Layer
C1,0.1uF,C_0402_1005Metric,387.15,-161.575,0.0,top
C10,0.1uF,C_0402_1005Metric,213.13,-89.95,0.0,top
C100,0.1uF,C_0402_1005Metric,189.13,-113.95,0.0,top
C101,0.1uF,C_0402_1005Metric,197.13,-113.95,0.0,top
C102,0.1uF,C_0402_1005Metric,205.13,-113.95,0.0,top
C103,0.1uF,C_0402_1005Metric,213.13,-113.95,0.0,top
C104,0.1uF,C_0402_1005Metric,221.13,-113.95,0.0,top
C105,0.1uF,C_0402_1005Metric,229.13,-113.95,0.0,top
C106,0.1uF,C_0402_1005Metric,237.13,-113.95,0.0,top
C107,0.1uF,C_0402_1005Metric,245.13,-113.95,0.0,top
C108,0.1uF,C_0402_1005Metric,253.13,-113.95,0.0,top
C109,0.1uF,C_0402_1005Metric,261.13,-113.95,0.0,top
C11,0.1uF,C_0402_1005Metric,221.13,-89.95,0.0,top
C110,0.1uF,C_0402_1005Metric,269.13,-113.95,0.0,top
C111,0.1uF,C_0402_1005Metric,277.13,-113.95,0.0,top
C112,0.1uF,C_0402_1005Metric,285.13,-113.95,0.0,top
C113,0.1uF,C_0402_1005Metric,293.13,-113.95,0.0,top
C114,0.1uF,C_0402_1005Metric,301.13,-113.95,0.0,top
C115,0.1uF,C_0402_1005Metric,309.13,-113.95,0.0,top
C116,0.1uF,C_0402_1005Metric,317.13,-113.95,0.0,top
C117,0.1uF,C_0402_1005Metric,325.13,-113.95,0.0,top
C118,0.1uF,C_0402_1005Metric,333.13,-113.95,0.0,top
C119,0.1uF,C_0402_1005Metric,341.13,-113.95,0.0,top
C12,0.1uF,C_0402_1005Metric,229.13,-89.95,0.0,top
C120,0.1uF,C_0402_1005Metric,349.13,-113.95,0.0,top
C121,0.1uF,C_0402_1005Metric,357.13,-113.95,0.0,top
C122,0.1uF,C_0402_1005Metric,365.13,-113.95,0.0,top
C123,0.1uF,C_0402_1005Metric,373.13,-113.95,0.0,top
C124,0.1uF,C_0402_1005Metric,381.13,-113.95,0.0,top
C125,0.1uF,C_0402_1005Metric,387.15,-113.575,0.0,top
C126,0.1uF,C_0402_1005Metric,149.13,-121.95,0.0,top
C127,0.1uF,C_0402_1005Metric,157.13,-121.95,0.0,top
C128,0.1uF,C_0402_1005Metric,165.13,-121.95,0.0,top
C129,0.1uF,C_0402_1005Metric,173.13,-121.95,0.0,top
C13,0.1uF,C_0402_1005Metric,237.13,-89.95,0.0,top
C130,0.1uF,C_0402_1005Metric,181.13,-121.95,0.0,top
C131,0.1uF,C_0402_1005Metric,189.13,-121.95,0.0,top
C132,0.1uF,C_0402_1005Metric,197.13,-121.95,0.0,top
C133,0.1uF,C_0402_1005Metric,205.13,-121.95,0.0,top
C134,0.1uF,C_0402_1005Metric,213.13,-121.95,0.0,top
C135,0.1uF,C_0402_1005Metric,221.13,-121.95,0.0,top
C136,0.1uF,C_0402_1005Metric,229.13,-121.95,0.0,top
C137,0.1uF,C_0402_1005Metric,237.13,-121.95,0.0,top
C138,0.1uF,C_0402_1005Metric,245.13,-121.95,0.0,top
C139,0.1uF,C_0402_1005Metric,253.13,-121.95,0.0,top
C14,0.1uF,C_0402_1005Metric,245.13,-89.95,0.0,top
C140,0.1uF,C_0402_1005Metric,261.13,-121.95,0.0,top
C141,0.1uF,C_0402_1005Metric,269.13,-121.95,0.0,top
C142,0.1uF,C_0402_1005Metric,277.13,-121.95,0.0,top
C143,0.1uF,C_0402_1005Metric,285.13,-121.95,0.0,top
C144,0.1uF,C_0402_1005Metric,293.13,-121.95,0.0,top
C145,0.1uF,C_0402_1005Metric,301.13,-121.95,0.0,top
C146,0.1uF,C_0402_1005Metric,309.13,-121.95,0.0,top
C147,0.1uF,C_0402_1005Metric,317.13,-121.95,0.0,top
C148,0.1uF,C_0402_1005Metric,325.13,-121.95,0.0,top
C149,0.1uF,C_0402_1005Metric,333.13,-121.95,0.0,top
C15,0.1uF,C_0402_1005Metric,253.13,-89.95,0.0,top
C150,0.1uF,C_0402_1005Metric,341.13,-121.95,0.0,top
C151,0.1uF,C_0402_1005Metric,349.13,-121.95,0.0,top
C152,0.1uF,C_0402_1005Metric,357.13,-121.95,0.0,top
C153,0.1uF,C_0402_1005Metric,365.13,-121.95,0.0,top
C154,0.1uF,C_0402_1005Metric,373.13,-121.95,0.0,top
C155,0.1uF,C_0402_1005Metric,381.13,-121.95,0.0,top
C156,0.1uF,C_0402_1005Metric,387.15,-121.575,0.0,top
C157,0.1uF,C_0402_1005Metric,149.13,-129.95,0.0,top
C158,0.1uF,C_0402_1005Metric,157.13,-129.95,0.0,top
C159,0.1uF,C_0402_1005Metric,165.13,-129.95,0.0,top
C16,0.1uF,C_0402_1005Metric,261.13,-89.95,0.0,top
C160,0.1uF,C_0402_1005Metric,173.13,-129.95,0.0,top
C161,0.1uF,C_0402_1005Metric,181.13,-129.95,0.0,top
C162,0.1uF,C_0402_1005Metric,189.13,-129.95,0.0,top
C163,0.1uF,C_0402_1005Metric,197.13,-129.95,0.0,top
C164,0.1uF,C_0402_1005Metric,205.13,-129.95,0.0,top
C165,0.1uF,C_0402_1005Metric,213.13,-129.95,0.0,top
C166,0.1uF,C_0402_1005Metric,221.13,-129.95,0.0,top
C167,0.1uF,C_0402_1005Metric,229.13,-129.95,0.0,top
C168,0.1uF,C_0402_1005Metric,237.13,-129.95,0.0,top
C169,0.1uF,C_0402_1005Metric,245.13,-129.95,0.0,top
C17,0.1uF,C_0402_1005Metric,269.13,-89.95,0.0,top
C170,0.1uF,C_0402_1005Metric,253.13,-129.95,0.0,top
C171,0.1uF,C_0402_1005Metric,261.13,-129.95,0.0,top
C172,0.1uF,C_0402_1005Metric,269.13,-129.95,0.0,top
C173,0.1uF,C_0402_1005Metric,277.13,-129.95,0.0,top
C174,0.1uF,C_0402_1005Metric,285.13,-129.95,0.0,top
C175,0.1uF,C_0402_1005Metric,293.13,-129.95,0.0,top
C176,0.1uF,C_0402_1005Metric,301.13,-129.95,0.0,top
C177,0.1uF,C_0402_1005Metric,309.13,-129.95,0.0,top
C178,0.1uF,C_0402_1005Metric,317.13,-129.95,0.0,top
C179,0.1uF,C_0402_1005Metric,325.13,-129.95,0.0,top
C18,0.1uF,C_0402_1005Metric,277.13,-89.95,0.0,top
C180,0.1uF,C_0402_1005Metric,333.13,-129.95,0.0,top
C181,0.1uF,C_0402_1005Metric,341.13,-129.95,0.0,top
C182,0.1uF,C_0402_1005Metric,349.13,-129.95,0.0,top
C183,0.1uF,C_0402_1005Metric,357.13,-129.95,0.0,top
C184,0.1uF,C_0402_1005Metric,365.13,-129.95,0.0,top
C185,0.1uF,C_0402_1005Metric,373.13,-129.95,0.0,top
C186,0.1uF,C_0402_1005Metric,381.13,-129.95,0.0,top
C187,0.1uF,C_0402_1005Metric,387.15,-129.575,0.0,top
C188,0.1uF,C_0402_1005Metric,149.13,-137.95,0.0,top
C189,0.1uF,C_0402_1005Metric,157.13,-137.95,0.0,top
C19,0.1uF,C_0402_1005Metric,285.13,-89.95,0.0,top
C190,0.1uF,C_0402_1005Metric,165.13,-137.95,0.0,top
C191,0.1uF,C_0402_1005Metric,173.13,-137.95,0.0,top
C192,0.1uF,C_0402_1005Metric,181.13,-137.95,0.0,top
C193,0.1uF,C_0402_1005Metric,189.13,-137.95,0.0,top
C194,0.1uF,C_0402_1005Metric,197.13,-137.95,0.0,top
C195,0.1uF,C_0402_1005Metric,205.13,-137.95,0.0,top
C196,0.1uF,C_0402_1005Metric,213.13,-137.95,0.0,top
C197,0.1uF,C_0402_1005Metric,221.13,-137.95,0.0,top
C198,0.1uF,C_0402_1005Metric,229.13,-137.95,0.0,top
C199,0.1uF,C_0402_1005Metric,237.13,-137.95,0.0,top
C2,0.1uF,C_0402_1005Metric,149.13,-89.95,0.0,top
C20,0.1uF,C_0402_1005Metric,293.13,-89.95,0.0,top
C200,0.1uF,C_0402_1005Metric,245.13,-137.95,0.0,top
C201,0.1uF,C_0402_1005Metric,253.13,-137.95,0.0,top
C202,0.1uF,C_0402_1005Metric,261.13,-137.95,0.0,top
C203,0.1uF,C_0402_1005Metric,269.13,-137.95,0.0,top
C204,0.1uF,C_0402_1005Metric,277.13,-137.95,0.0,top
C205,0.1uF,C_0402_1005Metric,285.13,-137.95,0.0,top
C206,0.1uF,C_0402_1005Metric,293.13,-137.95,0.0,top
C207,0.1uF,C_0402_1005Metric,301.13,-137.95,0.0,top
C208,0.1uF,C_0402_1005Metric,309.13,-137.95,0.0,top
C209,0.1uF,C_0402_1005Metric,317.13,-137.95,0.0,top
C21,0.1uF,C_0402_1005Metric,301.13,-89.95,0.0,top
C210,0.1uF,C_0402_1005Metric,325.13,-137.95,0.0,top
C211,0.1uF,C_0402_1005Metric,333.13,-137.95,0.0,top
C212,0.1uF,C_0402_1005Metric,341.13,-137.95,0.0,top
C213,0.1uF,C_0402_1005Metric,349.13,-137.95,0.0,top
C214,0.1uF,C_0402_1005Metric,357.13,-137.95,0.0,top
C215,0.1uF,C_0402_1005Metric,365.13,-137.95,0.0,top
C216,0.1uF,C_0402_1005Metric,373.13,-137.95,0.0,top
C217,0.1uF,C_0402_1005Metric,381.13,-137.95,0.0,top
C218,0.1uF,C_0402_1005Metric,387.15,-137.575,0.0,top
C219,0.1uF,C_0402_1005Metric,149.13,-145.95,0.0,top
C22,0.1uF,C_0402_1005Metric,309.13,-89.95,0.0,top
C220,0.1uF,C_0402_1005Metric,157.13,-145.95,0.0,top
C221,0.1uF,C_0402_1005Metric,165.13,-145.95,0.0,top
C222,0.1uF,C_0402_1005Metric,173.13,-145.95,0.0,top
C223,0.1uF,C_0402_1005Metric,181.13,-145.95,0.0,top
C224,0.1uF,C_0402_1005Metric,189.13,-145.95,0.0,top
C225,0.1uF,C_0402_1005Metric,197.13,-145.95,0.0,top
C226,0.1uF,C_0402_1005Metric,205.13,-145.95,0.0,top
C227,0.1uF,C_0402_1005Metric,213.13,-145.95,0.0,top
C228,0.1uF,C_0402_1005Metric,221.13,-145.95,0.0,top
C229,0.1uF,C_0402_1005Metric,229.13,-145.95,0.0,top
C23,0.1uF,C_0402_1005Metric,317.13,-89.95,0.0,top
C230,0.1uF,C_0402_1005Metric,237.13,-145.95,0.0,top
C231,0.1uF,C_0402_1005Metric,245.13,-145.95,0.0,top
C232,0.1uF,C_0402_1005Metric,253.13,-145.95,0.0,top
C233,0.1uF,C_0402_1005Metric,261.13,-145.95,0.0,top
C234,0.1uF,C_0402_1005Metric,269.13,-145.95,0.0,top
C235,0.1uF,C_0402_1005Metric,277.13,-145.95,0.0,top
C236,0.1uF,C_0402_1005Metric,285.13,-145.95,0.0,top
C237,0.1uF,C_0402_1005Metric,293.13,-145.95,0.0,top
C238,0.1uF,C_0402_1005Metric,301.13,-145.95,0.0,top
C239,0.1uF,C_0402_1005Metric,309.13,-145.95,0.0,top
C24,0.1uF,C_0402_1005Metric,325.13,-89.95,0.0,top
C240,0.1uF,C_0402_1005Metric,317.13,-145.95,0.0,top
C241,0.1uF,C_0402_1005Metric,325.13,-145.95,0.0,top
C242,0.1uF,C_0402_1005Metric,333.13,-145.95,0.0,top
C243,0.1uF,C_0402_1005Metric,341.13,-145.95,0.0,top
C244,0.1uF,C_0402_1005Metric,349.13,-145.95,0.0,top
C245,0.1uF,C_0402_1005Metric,357.13,-145.95,0.0,top
C246,0.1uF,C_0402_1005Metric,365.13,-145.95,0.0,top
C247,0.1uF,C_0402_1005Metric,373.13,-145.95,0.0,top
C248,0.1uF,C_0402_1005Metric,381.13,-145.95,0.0,top
C249,0.1uF,C_0402_1005Metric,387.15,-145.575,0.0,top
C25,0.1uF,C_0402_1005Metric,333.13,-89.95,0.0,top
C250,0.1uF,C_0402_1005Metric,149.13,-153.95,0.0,top
C251,0.1uF,C_0402_1005Metric,157.13,-153.95,0.0,top
C252,0.1uF,C_0402_1005Metric,165.13,-153.95,0.0,top
C253,0.1uF,C_0402_1005Metric,173.13,-153.95,0.0,top
C254,0.1uF,C_0402_1005Metric,181.13,-153.95,0.0,top
C255,0.1uF,C_0402_1005Metric,189.13,-153.95,0.0,top
C256,0.1uF,C_0402_1005Metric,197.13,-153.95,0.0,top
C257,0.1uF,C_0402_1005Metric,205.13,-153.95,0.0,top
C258,0.1uF,C_0402_1005Metric,213.13,-153.95,0.0,top
C259,0.1uF,C_0402_1005Metric,221.13,-153.95,0.0,top
C26,0.1uF,C_0402_1005Metric,341.13,-89.95,0.0,top
C260,0.1uF,C_0402_1005Metric,229.13,-153.95,0.0,top
C261,0.1uF,C_0402_1005Metric,237.13,-153.95,0.0,top
C262,0.1uF,C_0402_1005Metric,245.13,-153.95,0.0,top
C263,0.1uF,C_0402_1005Metric,253.13,-153.95,0.0,top
C264,0.1uF,C_0402_1005Metric,261.13,-153.95,0.0,top
C265,0.1uF,C_0402_1005Metric,269.13,-153.95,0.0,top
C266,0.1uF,C_0402_1005Metric,277.13,-153.95,0.0,top
C267,0.1uF,C_0402_1005Metric,285.13,-153.95,0.0,top
C268,0.1uF,C_0402_1005Metric,293.13,-153.95,0.0,top
C269,0.1uF,C_0402_1005Metric,301.13,-153.95,0.0,top
C27,0.1uF,C_0402_1005Metric,349.13,-89.95,0.0,top
C270,0.1uF,C_0402_1005Metric,309.13,-153.95,0.0,top
C271,0.1uF,C_0402_1005Metric,317.13,-153.95,0.0,top
C272,0.1uF,C_0402_1005Metric,325.13,-153.95,0.0,top
C273,0.1uF,C_0402_1005Metric,333.13,-153.95,0.0,top
C274,0.1uF,C_0402_1005Metric,341.13,-153.95,0.0,top
C275,0.1uF,C_0402_1005Metric,349.13,-153.95,0.0,top
C276,0.1uF,C_0402_1005Metric,357.13,-153.95,0.0,top
C277,0.1uF,C_0402_1005Metric,365.13,-153.95,0.0,top
C278,0.1uF,C_0402_1005Metric,373.13,-153.95,0.0,top
C279,0.1uF,C_0402_1005Metric,381.13,-153.95,0.0,top
C28,0.1uF,C_0402_1005Metric,357.13,-89.95,0.0,top
C280,0.1uF,C_0402_1005Metric,387.15,-153.575,0.0,top
C281,0.1uF,C_0402_1005Metric,149.13,-161.95,0.0,top
C282,0.1uF,C_0402_1005Metric,157.13,-161.95,0.0,top
C283,0.1uF,C_0402_1005Metric,165.13,-161.95,0.0,top
C284,0.1uF,C_0402_1005Metric,173.13,-161.95,0.0,top
C285,0.1uF,C_0402_1005Metric,181.13,-161.95,0.0,top
C286,0.1uF,C_0402_1005Metric,189.13,-161.95,0.0,top
C287,0.1uF,C_0402_1005Metric,197.13,-161.95,0.0,top
C288,0.1uF,C_0402_1005Metric,205.13,-161.95,0.0,top
C289,0.1uF,C_0402_1005Metric,213.13,-161.95,0.0,top
C29,0.1uF,C_0402_1005Metric,365.13,-89.95,0.0,top
C290,0.1uF,C_0402_1005Metric,221.13,-161.95,0.0,top
C291,0.1uF,C_0402_1005Metric,229.13,-161.95,0.0,top
C292,0.1uF,C_0402_1005Metric,237.13,-161.95,0.0,top
C293,0.1uF,C_0402_1005Metric,245.13,-161.95,0.0,top
C294,0.1uF,C_0402_1005Metric,253.13,-161.95,0.0,top
C295,0.1uF,C_0402_1005Metric,261.13,-161.95,0.0,top
C296,0.1uF,C_0402_1005Metric,269.13,-161.95,0.0,top
C297,0.1uF,C_0402_1005Metric,277.13,-161.95,0.0,top
C298,0.1uF,C_0402_1005Metric,285.13,-161.95,0.0,top
C299,0.1uF,C_0402_1005Metric,293.13,-161.95,0.0,top
C3,0.1uF,C_0402_1005Metric,157.13,-89.95,0.0,top
C30,0.1uF,C_0402_1005Metric,373.13,-89.95,0.0,top
C300,0.1uF,C_0402_1005Metric,301.13,-161.95,0.0,top
C301,0.1uF,C_0402_1005Metric,309.13,-161.95,0.0,top
C302,0.1uF,C_0402_1005Metric,317.13,-161.95,0.0,top
C303,0.1uF,C_0402_1005Metric,325.13,-161.95,0.0,top
C304,0.1uF,C_0402_1005Metric,333.13,-161.95,0.0,top
C305,0.1uF,C_0402_1005Metric,341.13,-161.95,0.0,top
C306,0.1uF,C_0402_1005Metric,349.13,-161.95,0.0,top
C307,0.1uF,C_0402_1005Metric,357.13,-161.95,0.0,top
C308,0.1uF,C_0402_1005Metric,365.13,-161.95,0.0,top
C309,0.1uF,C_0402_1005Metric,373.13,-161.95,0.0,top
C31,0.1uF,C_0402_1005Metric,381.13,-89.95,0.0,top
C310,0.1uF,C_0402_1005Metric,381.13,-161.95,0.0,top
C311,4.7uF,C_1206_3216Metric,101.1875,-165.0,0.0,top
C312,1uF,C_1206_3216Metric,95.3375,-142.75,0.0,top
C313,1uF,C_1206_3216Metric,123.75,-128.75,45.0,top
C314,1uF,C_1206_3216Metric,103.75,-108.25,135.0,top
C315,1uF,C_1206_3216Metric,108.275,-110.5,0.0,top
C316,100nF,C_1206_3216Metric,121.25,-138.75,-90.0,top
C318,1uF,C_0805_2012Metric,113.75,-143.0,-90.0,top
C319,1uF,C_0805_2012Metric,116.4,-133.1,180.0,top
C32,0.1uF,C_0402_1005Metric,387.15,-89.575,0.0,top
C320,1uF,C_0805_2012Metric,141.0,-133.050001,90.0,top
C33,0.1uF,C_0402_1005Metric,149.13,-97.95,0.0,top
C34,0.1uF,C_0402_1005Metric,157.13,-97.95,0.0,top
C35,0.1uF,C_0402_1005Metric,165.13,-97.95,0.0,top
C36,0.1uF,C_0402_1005Metric,173.13,-97.95,0.0,top
C37,0.1uF,C_0402_1005Metric,181.13,-97.95,0.0,top
C38,0.1uF,C_0402_1005Metric,189.13,-97.95,0.0,top
C39,0.1uF,C_0402_1005Metric,197.13,-97.95,0.0,top
C4,0.1uF,C_0402_1005Metric,165.13,-89.95,0.0,top
C40,0.1uF,C_0402_1005Metric,205.13,-97.95,0.0,top
C41,0.1uF,C_0402_1005Metric,213.13,-97.95,0.0,top
C42,0.1uF,C_0402_1005Metric,221.13,-97.95,0.0,top
C43,0.1uF,C_0402_1005Metric,229.13,-97.95,0.0,top
C44,0.1uF,C_0402_1005Metric,237.13,-97.95,0.0,top
C45,0.1uF,C_0402_1005Metric,245.13,-97.95,0.0,top
C46,0.1uF,C_0402_1005Metric,253.13,-97.95,0.0,top
C47,0.1uF,C_0402_1005Metric,261.13,-97.95,0.0,top
C48,0.1uF,C_0402_1005Metric,269.13,-97.95,0.0,top
C49,0.1uF,C_0402_1005Metric,277.13,-97.95,0.0,top
C5,0.1uF,C_0402_1005Metric,173.13,-89.95,0.0,top
C50,0.1uF,C_0402_1005Metric,285.13,-97.95,0.0,top
C51,0.1uF,C_0402_1005Metric,293.13,-97.95,0.0,top
C52,0.1uF,C_0402_1005Metric,301.13,-97.95,0.0,top
C53,0.1uF,C_0402_1005Metric,309.13,-97.95,0.0,top
C54,0.1uF,C_0402_1005Metric,317.13,-97.95,0.0,top
C55,0.1uF,C_0402_1005Metric,325.13,-97.95,0.0,top
C56,0.1uF,C_0402_1005Metric,333.13,-97.95,0.0,top
C57,0.1uF,C_0402_1005Metric,341.13,-97.95,0.0,top
C58,0.1uF,C_0402_1005Metric,349.13,-97.95,0.0,top
C59,0.1uF,C_0402_1005Metric,357.13,-97.95,0.0,top
C6,0.1uF,C_0402_1005Metric,181.13,-89.95,0.0,top
C60,0.1uF,C_0402_1005Metric,365.13,-97.95,0.0,top
C61,0.1uF,C_0402_1005Metric,373.13,-97.95,0.0,top
C62,0.1uF,C_0402_1005Metric,381.13,-97.95,0.0,top
C63,0.1uF,C_0402_1005Metric,387.15,-97.575,0.0,top
C64,0.1uF,C_0402_1005Metric,149.13,-105.95,0.0,top
C65,0.1uF,C_0402_1005Metric,157.13,-105.95,0.0,top
C66,0.1uF,C_0402_1005Metric,165.13,-105.95,0.0,top
C67,0.1uF,C_0402_1005Metric,173.13,-105.95,0.0,top
C68,0.1uF,C_0402_1005Metric,181.13,-105.95,0.0,top
C69,0.1uF,C_0402_1005Metric,189.13,-105.95,0.0,top
C7,0.1uF,C_0402_1005Metric,189.13,-89.95,0.0,top
C70,0.1uF,C_0402_1005Metric,197.13,-105.95,0.0,top
C71,0.1uF,C_0402_1005Metric,205.13,-105.95,0.0,top
C72,0.1uF,C_0402_1005Metric,213.13,-105.95,0.0,top
C73,0.1uF,C_0402_1005Metric,221.13,-105.95,0.0,top
C74,0.1uF,C_0402_1005Metric,229.13,-105.95,0.0,top
C75,0.1uF,C_0402_1005Metric,237.13,-105.95,0.0,top
C76,0.1uF,C_0402_1005Metric,245.13,-105.95,0.0,top
C77,0.1uF,C_0402_1005Metric,253.13,-105.95,0.0,top
C78,0.1uF,C_0402_1005Metric,261.13,-105.95,0.0,top
C79,0.1uF,C_0402_1005Metric,269.13,-105.95,0.0,top
C8,0.1uF,C_0402_1005Metric,197.13,-89.95,0.0,top
C80,0.1uF,C_0402_1005Metric,277.13,-105.95,0.0,top
C81,0.1uF,C_0402_1005Metric,285.13,-105.95,0.0,top
C82,0.1uF,C_0402_1005Metric,293.13,-105.95,0.0,top
C83,0.1uF,C_0402_1005Metric,301.13,-105.95,0.0,top
C84,0.1uF,C_0402_1005Metric,309.13,-105.95,0.0,top
C85,0.1uF,C_0402_1005Metric,317.13,-105.95,0.0,top
C86,0.1uF,C_0402_1005Metric,325.13,-105.95,0.0,top
C87,0.1uF,C_0402_1005Metric,333.13,-105.95,0.0,top
C88,0.1uF,C_0402_1005Metric,341.13,-105.95,0.0,top
C89,0.1uF,C_0402_1005Metric,349.13,-105.95,0.0,top
C9,0.1uF,C_0402_1005Metric,205.13,-89.95,0.0,top
C90,0.1uF,C_0402_1005Metric,357.13,-105.95,0.0,top
C91,0.1uF,C_0402_1005Metric,365.13,-105.95,0.0,top
C92,0.1uF,C_0402_1005Metric,373.13,-105.95,0.0,top
C93,0.1uF,C_0402_1005Metric,381.13,-105.95,0.0,top
C94,0.1uF,C_0402_1005Metric,387.15,-105.575,0.0,top
C95,0.1uF,C_0402_1005Metric,149.13,-113.95,0.0,top
C96,0.1uF,C_0402_1005Metric,157.13,-113.95,0.0,top
C97,0.1uF,C_0402_1005Metric,165.13,-113.95,0.0,top
C98,0.1uF,C_0402_1005Metric,173.13,-113.95,0.0,top
C99,0.1uF,C_0402_1005Metric,181.13,-113.95,0.0,top
D1,ESDA25P35,TVS_ESDA25P35-1U1M,106.1875,-138.0,0.0,top
D100,SK6812,LED_SK6812MINI_PLCC4_3.5x3.5mm_P1.75mm,337.15,-108.325,0.0,top
D101,SK6812,LED_SK6812MINI_PLCC4_3.5x3.5mm_P1.75mm,345.15,-108.325,0.0,top
D102,SK6812,LED_SK6812MINI_PLCC4_3.5x3.5mm_P1.75mm,353.15,-108.325,0.0,top
D103,SK6812,LED_SK6812MINI_PLCC4_3.5x3.5mm_P1.75mm,361.15,-108.325,0.0,top
D104,SK6812,LED_SK6812MINI_PLCC4_3.5x3.5mm_P1.75mm,369.15,-108.325,0.0,top
D105,SK6812,LED_SK6812MINI_PLCC4_3.5x3.5mm_P1.75mm,377.15,-108.325,0.0,top
D106,SK6812,LED_SK6812MINI_PLCC4_3.5x3.5mm_P1.75mm,385.15,-108.325,0.0,top
D107,SK6812,LED_SK6812MINI_PLCC4_3.5x3.5mm_P1.75mm,145.15,-116.325,0.0,top
D108,SK6812,LED_SK6812MINI_PLCC4_3.5x3.5mm_P1.75mm,153.15,-116.325,0.0,top
D109,SK6812,LED_SK6812MINI_PLCC4_3.5x3.5mm_P1.75mm,161.15,-116.325,0.0,top
D110,SK6812,LED_SK6812MINI_PLCC4_3.5x3.5mm_P1.75mm,169.15,-116.325,0.0,top
D111,SK6812,LED_SK6812MINI_PLCC4_3.5x3.5mm_P1.75mm,177.15,-116.325,0.0,top
D112,SK6812,LED_SK6812MINI_PLCC4_3.5x3.5mm_P1.75mm,185.15,-116.325,0.0,top
D113,SK6812,LED_SK6812MINI_PLCC4_3.5x3.5mm_P1.75mm,193.15,-116.325,0.0,top
D114,SK6812,LED_SK6812MINI_PLCC4_3.5x3.5mm_P1.75mm,201.15,-116.325,0.0,top
D115,SK6812,LED_SK6812MINI_PLCC4_3.5x3.5mm_P1.75mm,209.15,-116.325,0.0,top
D116,SK6812,LED_SK6812MINI_PLCC4_3.5x3.5mm_P1.75mm,217.15,-116.325,0.0,top
D117,SK6812,LED_SK6812MINI_PLCC4_3.5x3.5mm_P1.75mm,225.15,-116.325,0.0,top
D118,SK6812,LED_SK6812MINI_PLCC4_3.5x3.5mm_P1.75mm,233.15,-116.325,0.0,top
D119,SK6812,LED_SK6812MINI_PLCC4_3.5x3.5mm_P1.75mm,241.15,-116.325,0.0,top
D120,SK6812,LED_SK6812MINI_PLCC4_3.5x3.5mm_P1.75mm,249.15,-116.325,0.0,top
D121,SK6812,LED_SK6812MINI_PLCC4_3.5x3.5mm_P1.75mm,257.15,-116.325,0.0,top
D122,SK6812,LED_SK6812MINI_PLCC4_3.5x3.5mm_P1.75mm,265.15,-116.325,0.0,top
D123,SK6812,LED_SK6812MINI_PLCC4_3.5x3.5mm_P1.75mm,273.15,-116.325,0.0,top
D124,SK6812,LED_SK6812MINI_PLCC4_3.5x3.5mm_P1.75mm,281.15,-116.325,0.0,top
D125,SK6812,LED_SK6812MINI_PLCC4_3.5x3.5mm_P1.75mm,289.15,-116.325,0.0,top
D126,SK6812,LED_SK6812MINI_PLCC4_3.5x3.5mm_P1.75mm,297.15,-116.325,0.0,top
D127,SK6812,LED_SK6812MINI_PLCC4_3.5x3.5mm_P1.75mm,305.15,-116.325,0.0,top
D128,SK6812,LED_SK6812MINI_PLCC4_3.5x3.5mm_P1.75mm,313.15,-116.325,0.0,top
D129,SK6812,LED_SK6812MINI_PLCC4_3.5x3.5mm_P1.75mm,321.15,-116.325,0.0,top
D13,SK6812,LED_SK6812MINI_PLCC4_3.5x3.5mm_P1.75mm,385.15,-164.325,0.0,top
D130,SK6812,LED_SK6812MINI_PLCC4_3.5x3.5mm_P1.75mm,329.15,-116.325,0.0,top
D131,SK6812,LED_SK6812MINI_PLCC4_3.5x3.5mm_P1.75mm,337.15,-116.325,0.0,top
D132,SK6812,LED_SK6812MINI_PLCC4_3.5x3.5mm_P1.75mm,345.15,-116.325,0.0,top
D133,SK6812,LED_SK6812MINI_PLCC4_3.5x3.5mm_P1.75mm,353.15,-116.325,0.0,top
D134,SK6812,LED_SK6812MINI_PLCC4_3.5x3.5mm_P1.75mm,361.15,-116.325,0.0,top
D135,SK6812,LED_SK6812MINI_PLCC4_3.5x3.5mm_P1.75mm,369.15,-116.325,0.0,top
D136,SK6812,LED_SK6812MINI_PLCC4_3.5x3.5mm_P1.75mm,377.15,-116.325,0.0,top
D137,SK6812,LED_SK6812MINI_PLCC4_3.5x3.5mm_P1.75mm,385.15,-116.325,0.0,top
D138,SK6812,LED_SK6812MINI_PLCC4_3.5x3.5mm_P1.75mm,145.15,-124.325,0.0,top
D139,SK6812,LED_SK6812MINI_PLCC4_3.5x3.5mm_P1.75mm,153.15,-124.325,0.0,top
D14,SK6812,LED_SK6812MINI_PLCC4_3.5x3.5mm_P1.75mm,145.15,-92.325,0.0,top
D140,SK6812,LED_SK6812MINI_PLCC4_3.5x3.5mm_P1.75mm,161.15,-124.325,0.0,top
D141,SK6812,LED_SK6812MINI_PLCC4_3.5x3.5mm_P1.75mm,169.15,-124.325,0.0,top
D142,SK6812,LED_SK6812MINI_PLCC4_3.5x3.5mm_P1.75mm,177.15,-124.325,0.0,top
D143,SK6812,LED_SK6812MINI_PLCC4_3.5x3.5mm_P1.75mm,185.15,-124.325,0.0,top
D144,SK6812,LED_SK6812MINI_PLCC4_3.5x3.5mm_P1.75mm,193.15,-124.325,0.0,top
D145,SK6812,LED_SK6812MINI_PLCC4_3.5x3.5mm_P1.75mm,201.15,-124.325,0.0,top
D146,SK6812,LED_SK6812MINI_PLCC4_3.5x3.5mm_P1.75mm,209.15,-124.325,0.0,top
D147,SK6812,LED_SK6812MINI_PLCC4_3.5x3.5mm_P1.75mm,217.15,-124.325,0.0,top
D148,SK6812,LED_SK6812MINI_PLCC4_3.5x3.5mm_P1.75mm,225.15,-124.325,0.0,top
D149,SK6812,LED_SK6812MINI_PLCC4_3.5x3.5mm_P1.75mm,233.15,-124.325,0.0,top
D15,SK6812,LED_SK6812MINI_PLCC4_3.5x3.5mm_P1.75mm,153.15,-92.325,0.0,top
D150,SK6812,LED_SK6812MINI_PLCC4_3.5x3.5mm_P1.75mm,241.15,-124.325,0.0,top
D151,SK6812,LED_SK6812MINI_PLCC4_3.5x3.5mm_P1.75mm,249.15,-124.325,0.0,top
D152,SK6812,LED_SK6812MINI_PLCC4_3.5x3.5mm_P1.75mm,257.15,-124.325,0.0,top
D153,SK6812,LED_SK6812MINI_PLCC4_3.5x3.5mm_P1.75mm,265.15,-124.325,0.0,top
D154,SK6812,LED_SK6812MINI_PLCC4_3.5x3.5mm_P1.75mm,273.15,-124.325,0.0,top
D155,SK6812,LED_SK6812MINI_PLCC4_3.5x3.5mm_P1.75mm,281.15,-124.325,0.0,top
D156,SK6812,LED_SK6812MINI_PLCC4_3.5x3.5mm_P1.75mm,289.15,-124.325,0.0,top
D157,SK6812,LED_SK6812MINI_PLCC4_3.5x3.5mm_P1.75mm,297.15,-124.325,0.0,top
D158,SK6812,LED_SK6812MINI_PLCC4_3.5x3.5mm_P1.75mm,305.15,-124.325,0.0,top
D159,SK6812,LED_SK6812MINI_PLCC4_3.5x3.5mm_P1.75mm,313.15,-124.325,0.0,top
D16,SK6812,LED_SK6812MINI_PLCC4_3.5x3.5mm_P1.75mm,161.15,-92.325,0.0,top
D160,SK6812,LED_SK6812MINI_PLCC4_3.5x3.5mm_P1.75mm,321.15,-124.325,0.0,top
D161,SK6812,LED_SK6812MINI_PLCC4_3.5x3.5mm_P1.75mm,329.15,-124.325,0.0,top
D162,SK6812,LED_SK6812MINI_PLCC4_3.5x3.5mm_P1.75mm,337.15,-124.325,0.0,top
D163,SK6812,LED_SK6812MINI_PLCC4_3.5x3.5mm_P1.75mm,345.15,-124.325,0.0,top
D164,SK6812,LED_SK6812MINI_PLCC4_3.5x3.5mm_P1.75mm,353.15,-124.325,0.0,top
D165,SK6812,LED_SK6812MINI_PLCC4_3.5x3.5mm_P1.75mm,361.15,-124.325,0.0,top
D166,SK6812,LED_SK6812MINI_PLCC4_3.5x3.5mm_P1.75mm,369.15,-124.325,0.0,top
D167,SK6812,LED_SK6812MINI_PLCC4_3.5x3.5mm_P1.75mm,377.15,-124.325,0.0,top
D168,SK6812,LED_SK6812MINI_PLCC4_3.5x3.5mm_P1.75mm,385.15,-124.325,0.0,top
D169,SK6812,LED_SK6812MINI_PLCC4_3.5x3.5mm_P1.75mm,145.15,-132.325,0.0,top
D17,SK6812,LED_SK6812MINI_PLCC4_3.5x3.5mm_P1.75mm,169.15,-92.325,0.0,top
D170,SK6812,LED_SK6812MINI_PLCC4_3.5x3.5mm_P1.75mm,153.15,-132.325,0.0,top
D171,SK6812,LED_SK6812MINI_PLCC4_3.5x3.5mm_P1.75mm,161.15,-132.325,0.0,top
D172,SK6812,LED_SK6812MINI_PLCC4_3.5x3.5mm_P1.75mm,169.15,-132.325,0.0,top
D173,SK6812,LED_SK6812MINI_PLCC4_3.5x3.5mm_P1.75mm,177.15,-132.325,0.0,top
D174,SK6812,LED_SK6812MINI_PLCC4_3.5x3.5mm_P1.75mm,185.15,-132.325,0.0,top
D175,SK6812,LED_SK6812MINI_PLCC4_3.5x3.5mm_P1.75mm,193.15,-132.325,0.0,top
D176,SK6812,LED_SK6812MINI_PLCC4_3.5x3.5mm_P1.75mm,201.15,-132.325,0.0,top
D177,SK6812,LED_SK6812MINI_PLCC4_3.5x3.5mm_P1.75mm,209.15,-132.325,0.0,top
D178,SK6812,LED_SK6812MINI_PLCC4_3.5x3.5mm_P1.75mm,217.15,-132.325,0.0,top
D179,SK6812,LED_SK6812MINI_PLCC4_3.5x3.5mm_P1.75mm,225.15,-132.325,0.0,top
D18,SK6812,LED_SK6812MINI_PLCC4_3.5x3.5mm_P1.75mm,177.15,-92.325,0.0,top
D180,SK6812,LED_SK6812MINI_PLCC4_3.5x3.5mm_P1.75mm,233.15,-132.325,0.0,top
D181,SK6812,LED_SK6812MINI_PLCC4_3.5x3.5mm_P1.75mm,241.15,-132.325,0.0,top
D182,SK6812,LED_SK6812MINI_PLCC4_3.5x3.5mm_P1.75mm,249.15,-132.325,0.0,top
D183,SK6812,LED_SK6812MINI_PLCC4_3.5x3.5mm_P1.75mm,257.15,-132.325,0.0,top
D184,SK6812,LED_SK6812MINI_PLCC4_3.5x3.5mm_P1.75mm,265.15,-132.325,0.0,top
D185,SK6812,LED_SK6812MINI_PLCC4_3.5x3.5mm_P1.75mm,273.15,-132.325,0.0,top
D186,SK6812,LED_SK6812MINI_PLCC4_3.5x3.5mm_P1.75mm,281.15,-132.325,0.0,top
D187,SK6812,LED_SK6812MINI_PLCC4_3.5x3.5mm_P1.75mm,289.15,-132.325,0.0,top
D188,SK6812,LED_SK6812MINI_PLCC4_3.5x3.5mm_P1.75mm,297.15,-132.325,0.0,top
D189,SK6812,LED_SK6812MINI_PLCC4_3.5x3.5mm_P1.75mm,305.15,-132.325,0.0,top
D19,SK6812,LED_SK6812MINI_PLCC4_3.5x3.5mm_P1.75mm,185.15,-92.325,0.0,top
D190,SK6812,LED_SK6812MINI_PLCC4_3.5x3.5mm_P1.75mm,313.15,-132.325,0.0,top
D191,SK6812,LED_SK6812MINI_PLCC4_3.5x3.5mm_P1.75mm,321.15,-132.325,0.0,top
D192,SK6812,LED_SK6812MINI_PLCC4_3.5x3.5mm_P1.75mm,329.15,-132.325,0.0,top
D193,SK6812,LED_SK6812MINI_PLCC4_3.5x3.5mm_P1.75mm,337.15,-132.325,0.0,top
D194,SK6812,LED_SK6812MINI_PLCC4_3.5x3.5mm_P1.75mm,345.15,-132.325,0.0,top
D195,SK6812,LED_SK6812MINI_PLCC4_3.5x3.5mm_P1.75mm,353.15,-132.325,0.0,top
D196,SK6812,LED_SK6812MINI_PLCC4_3.5x3.5mm_P1.75mm,361.15,-132.325,0.0,top
D197,SK6812,LED_SK6812MINI_PLCC4_3.5x3.5mm_P1.75mm,369.15,-132.325,0.0,top
D198,SK6812,LED_SK6812MINI_PLCC4_3.5x3.5mm_P1.75mm,377.15,-132.325,0.0,top
D199,SK6812,LED_SK6812MINI_PLCC4_3.5x3.5mm_P1.75mm,385.15,-132.325,0.0,top
D2,1N5819W,D_SOD-123,100.75,-141.0,0.0,top
D20,SK6812,LED_SK6812MINI_PLCC4_3.5x3.5mm_P1.75mm,193.15,-92.325,0.0,top
D200,SK6812,LED_SK6812MINI_PLCC4_3.5x3.5mm_P1.75mm,145.15,-140.325,0.0,top
D201,SK6812,LED_SK6812MINI_PLCC4_3.5x3.5mm_P1.75mm,153.15,-140.325,0.0,top
D202,SK6812,LED_SK6812MINI_PLCC4_3.5x3.5mm_P1.75mm,161.15,-140.325,0.0,top
D203,SK6812,LED_SK6812MINI_PLCC4_3.5x3.5mm_P1.75mm,169.15,-140.325,0.0,top
D204,SK6812,LED_SK6812MINI_PLCC4_3.5x3.5mm_P1.75mm,177.15,-140.325,0.0,top
D205,SK6812,LED_SK6812MINI_PLCC4_3.5x3.5mm_P1.75mm,185.15,-140.325,0.0,top
D206,SK6812,LED_SK6812MINI_PLCC4_3.5x3.5mm_P1.75mm,193.15,-140.325,0.0,top
D207,SK6812,LED_SK6812MINI_PLCC4_3.5x3.5mm_P1.75mm,201.15,-140.325,0.0,top
D208,SK6812,LED_SK6812MINI_PLCC4_3.5x3.5mm_P1.75mm,209.15,-140.325,0.0,top
D209,SK6812,LED_SK6812MINI_PLCC4_3.5x3.5mm_P1.75mm,217.15,-140.325,0.0,top
D21,SK6812,LED_SK6812MINI_PLCC4_3.5x3.5mm_P1.75mm,201.15,-92.325,0.0,top
D210,SK6812,LED_SK6812MINI_PLCC4_3.5x3.5mm_P1.75mm,225.15,-140.325,0.0,top
D211,SK6812,LED_SK6812MINI_PLCC4_3.5x3.5mm_P1.75mm,233.15,-140.325,0.0,top
D212,SK6812,LED_SK6812MINI_PLCC4_3.5x3.5mm_P1.75mm,241.15,-140.325,0.0,top
D213,SK6812,LED_SK6812MINI_PLCC4_3.5x3.5mm_P1.75mm,249.15,-140.325,0.0,top
D214,SK6812,LED_SK6812MINI_PLCC4_3.5x3.5mm_P1.75mm,257.15,-140.325,0.0,top
D215,SK6812,LED_SK6812MINI_PLCC4_3.5x3.5mm_P1.75mm,265.15,-140.325,0.0,top
D216,SK6812,LED_SK6812MINI_PLCC4_3.5x3.5mm_P1.75mm,273.15,-140.325,0.0,top
D217,SK6812,LED_SK6812MINI_PLCC4_3.5x3.5mm_P1.75mm,281.15,-140.325,0.0,top
D218,SK6812,LED_SK6812MINI_PLCC4_3.5x3.5mm_P1.75mm,289.15,-140.325,0.0,top
D219,SK6812,LED_SK6812MINI_PLCC4_3.5x3.5mm_P1.75mm,297.15,-140.325,0.0,top
D22,SK6812,LED_SK6812MINI_PLCC4_3.5x3.5mm_P1.75mm,209.15,-92.325,0.0,top
D220,SK6812,LED_SK6812MINI_PLCC4_3.5x3.5mm_P1.75mm,305.15,-140.325,0.0,top
D221,SK6812,LED_SK6812MINI_PLCC4_3.5x3.5mm_P1.75mm,313.15,-140.325,0.0,top
D222,SK6812,LED_SK6812MINI_PLCC4_3.5x3.5mm_P1.75mm,321.15,-140.325,0.0,top
D223,SK6812,LED_SK6812MINI_PLCC4_3.5x3.5mm_P1.75mm,329.15,-140.325,0.0,top
D224,SK6812,LED_SK6812MINI_PLCC4_3.5x3.5mm_P1.75mm,337.15,-140.325,0.0,top
D225,SK6812,LED_SK6812MINI_PLCC4_3.5x3.5mm_P1.75mm,345.15,-140.325,0.0,top
D226,SK6812,LED_SK6812MINI_PLCC4_3.5x3.5mm_P1.75mm,353.15,-140.325,0.0,top
D227,SK6812,LED_SK6812MINI_PLCC4_3.5x3.5mm_P1.75mm,361.15,-140.325,0.0,top
D228,SK6812,LED_SK6812MINI_PLCC4_3.5x3.5mm_P1.75mm,369.15,-140.325,0.0,top
D229,SK6812,LED_SK6812MINI_PLCC4_3.5x3.5mm_P1.75mm,377.15,-140.325,0.0,top
D23,SK6812,LED_SK6812MINI_PLCC4_3.5x3.5mm_P1.75mm,217.15,-92.325,0.0,top
D230,SK6812,LED_SK6812MINI_PLCC4_3.5x3.5mm_P1.75mm,385.15,-140.325,0.0,top
D231,SK6812,LED_SK6812MINI_PLCC4_3.5x3.5mm_P1.75mm,145.15,-148.325,0.0,top
D232,SK6812,LED_SK6812MINI_PLCC4_3.5x3.5mm_P1.75mm,153.15,-148.325,0.0,top
D233,SK6812,LED_SK6812MINI_PLCC4_3.5x3.5mm_P1.75mm,161.15,-148.325,0.0,top
D234,SK6812,LED_SK6812MINI_PLCC4_3.5x3.5mm_P1.75mm,169.15,-148.325,0.0,top
D235,SK6812,LED_SK6812MINI_PLCC4_3.5x3.5mm_P1.75mm,177.15,-148.325,0.0,top
D236,SK6812,LED_SK6812MINI_PLCC4_3.5x3.5mm_P1.75mm,185.15,-148.325,0.0,top
D237,SK6812,LED_SK6812MINI_PLCC4_3.5x3.5mm_P1.75mm,193.15,-148.325,0.0,top
D238,SK6812,LED_SK6812MINI_PLCC4_3.5x3.5mm_P1.75mm,201.15,-148.325,0.0,top
D239,SK6812,LED_SK6812MINI_PLCC4_3.5x3.5mm_P1.75mm,209.15,-148.325,0.0,top
D24,SK6812,LED_SK6812MINI_PLCC4_3.5x3.5mm_P1.75mm,225.15,-92.325,0.0,top
D240,SK6812,LED_SK6812MINI_PLCC4_3.5x3.5mm_P1.75mm,217.15,-148.325,0.0,top
D241,SK6812,LED_SK6812MINI_PLCC4_3.5x3.5mm_P1.75mm,225.15,-148.325,0.0,top
D242,SK6812,LED_SK6812MINI_PLCC4_3.5x3.5mm_P1.75mm,233.15,-148.325,0.0,top
D243,SK6812,LED_SK6812MINI_PLCC4_3.5x3.5mm_P1.75mm,241.15,-148.325,0.0,top
D244,SK6812,LED_SK6812MINI_PLCC4_3.5x3.5mm_P1.75mm,249.15,-148.325,0.0,top
D245,SK6812,LED_SK6812MINI_PLCC4_3.5x3.5mm_P1.75mm,257.15,-148.325,0.0,top
D246,SK6812,LED_SK6812MINI_PLCC4_3.5x3.5mm_P1.75mm,265.15,-148.325,0.0,top
D247,SK6812,LED_SK6812MINI_PLCC4_3.5x3.5mm_P1.75mm,273.15,-148.325,0.0,top
D248,SK6812,LED_SK6812MINI_PLCC4_3.5x3.5mm_P1.75mm,281.15,-148.325,0.0,top
D249,SK6812,LED_SK6812MINI_PLCC4_3.5x3.5mm_P1.75mm,289.15,-148.325,0.0,top
D25,SK6812,LED_SK6812MINI_PLCC4_3.5x3.5mm_P1.75mm,233.15,-92.325,0.0,top
D250,SK6812,LED_SK6812MINI_PLCC4_3.5x3.5mm_P1.75mm,297.15,-148.325,0.0,top
D251,SK6812,LED_SK6812MINI_PLCC4_3.5x3.5mm_P1.75mm,305.15,-148.325,0.0,top
D252,SK6812,LED_SK6812MINI_PLCC4_3.5x3.5mm_P1.75mm,313.15,-148.325,0.0,top
D253,SK6812,LED_SK6812MINI_PLCC4_3.5x3.5mm_P1.75mm,321.15,-148.325,0.0,top
D254,SK6812,LED_SK6812MINI_PLCC4_3.5x3.5mm_P1.75mm,329.15,-148.325,0.0,top
D255,SK6812,LED_SK6812MINI_PLCC4_3.5x3.5mm_P1.75mm,337.15,-148.325,0.0,top
D256,SK6812,LED_SK6812MINI_PLCC4_3.5x3.5mm_P1.75mm,345.15,-148.325,0.0,top
D257,SK6812,LED_SK6812MINI_PLCC4_3.5x3.5mm_P1.75mm,353.15,-148.325,0.0,top
D258,SK6812,LED_SK6812MINI_PLCC4_3.5x3.5mm_P1.75mm,361.15,-148.325,0.0,top
D259,SK6812,LED_SK6812MINI_PLCC4_3.5x3.5mm_P1.75mm,369.15,-148.325,0.0,top
D26,SK6812,LED_SK6812MINI_PLCC4_3.5x3.5mm_P1.75mm,241.15,-92.325,0.0,top
D260,SK6812,LED_SK6812MINI_PLCC4_3.5x3.5mm_P1.75mm,377.15,-148.325,0.0,top
D261,SK6812,LED_SK6812MINI_PLCC4_3.5x3.5mm_P1.75mm,385.15,-148.325,0.0,top
D262,SK6812,LED_SK6812MINI_PLCC4_3.5x3.5mm_P1.75mm,145.15,-156.325,0.0,top
D263,SK6812,LED_SK6812MINI_PLCC4_3.5x3.5mm_P1.75mm,153.15,-156.325,0.0,top
D264,SK6812,LED_SK6812MINI_PLCC4_3.5x3.5mm_P1.75mm,161.15,-156.325,0.0,top
D265,SK6812,LED_SK6812MINI_PLCC4_3.5x3.5mm_P1.75mm,169.15,-156.325,0.0,top
D266,SK6812,LED_SK6812MINI_PLCC4_3.5x3.5mm_P1.75mm,177.15,-156.325,0.0,top
D267,SK6812,LED_SK6812MINI_PLCC4_3.5x3.5mm_P1.75mm,185.15,-156.325,0.0,top
D268,SK6812,LED_SK6812MINI_PLCC4_3.5x3.5mm_P1.75mm,193.15,-156.325,0.0,top
D269,SK6812,LED_SK6812MINI_PLCC4_3.5x3.5mm_P1.75mm,201.15,-156.325,0.0,top
D27,SK6812,LED_SK6812MINI_PLCC4_3.5x3.5mm_P1.75mm,249.15,-92.325,0.0,top
D270,SK6812,LED_SK6812MINI_PLCC4_3.5x3.5mm_P1.75mm,209.15,-156.325,0.0,top
D271,SK6812,LED_SK6812MINI_PLCC4_3.5x3.5mm_P1.75mm,217.15,-156.325,0.0,top
D272,SK6812,LED_SK6812MINI_PLCC4_3.5x3.5mm_P1.75mm,225.15,-156.325,0.0,top
D273,SK6812,LED_SK6812MINI_PLCC4_3.5x3.5mm_P1.75mm,233.15,-156.325,0.0,top
D274,SK6812,LED_SK6812MINI_PLCC4_3.5x3.5mm_P1.75mm,241.15,-156.325,0.0,top
D275,SK6812,LED_SK6812MINI_PLCC4_3.5x3.5mm_P1.75mm,249.15,-156.325,0.0,top
D276,SK6812,LED_SK6812MINI_PLCC4_3.5x3.5mm_P1.75mm,257.15,-156.325,0.0,top
D277,SK6812,LED_SK6812MINI_PLCC4_3.5x3.5mm_P1.75mm,265.15,-156.325,0.0,top
D278,SK6812,LED_SK6812MINI_PLCC4_3.5x3.5mm_P1.75mm,273.15,-156.325,0.0,top
D279,SK6812,LED_SK6812MINI_PLCC4_3.5x3.5mm_P1.75mm,281.15,-156.325,0.0,top
D28,SK6812,LED_SK6812MINI_PLCC4_3.5x3.5mm_P1.75mm,257.15,-92.325,0.0,top
D280,SK6812,LED_SK6812MINI_PLCC4_3.5x3.5mm_P1.75mm,289.15,-156.325,0.0,top
D281,SK6812,LED_SK6812MINI_PLCC4_3.5x3.5mm_P1.75mm,297.15,-156.325,0.0,top
D282,SK6812,LED_SK6812MINI_PLCC4_3.5x3.5mm_P1.75mm,305.15,-156.325,0.0,top
D283,SK6812,LED_SK6812MINI_PLCC4_3.5x3.5mm_P1.75mm,313.15,-156.325,0.0,top
D284,SK6812,LED_SK6812MINI_PLCC4_3.5x3.5mm_P1.75mm,321.15,-156.325,0.0,top
D285,SK6812,LED_SK6812MINI_PLCC4_3.5x3.5mm_P1.75mm,329.15,-156.325,0.0,top
D286,SK6812,LED_SK6812MINI_PLCC4_3.5x3.5mm_P1.75mm,337.15,-156.325,0.0,top
D287,SK6812,LED_SK6812MINI_PLCC4_3.5x3.5mm_P1.75mm,345.15,-156.325,0.0,top
D288,SK6812,LED_SK6812MINI_PLCC4_3.5x3.5mm_P1.75mm,353.15,-156.325,0.0,top
D289,SK6812,LED_SK6812MINI_PLCC4_3.5x3.5mm_P1.75mm,361.15,-156.325,0.0,top
D29,SK6812,LED_SK6812MINI_PLCC4_3.5x3.5mm_P1.75mm,265.15,-92.325,0.0,top
D290,SK6812,LED_SK6812MINI_PLCC4_3.5x3.5mm_P1.75mm,369.15,-156.325,0.0,top
D291,SK6812,LED_SK6812MINI_PLCC4_3.5x3.5mm_P1.75mm,377.15,-156.325,0.0,top
D292,SK6812,LED_SK6812MINI_PLCC4_3.5x3.5mm_P1.75mm,385.15,-156.325,0.0,top
D293,SK6812,LED_SK6812MINI_PLCC4_3.5x3.5mm_P1.75mm,145.15,-164.325,0.0,top
D294,SK6812,LED_SK6812MINI_PLCC4_3.5x3.5mm_P1.75mm,153.15,-164.325,0.0,top
D295,SK6812,LED_SK6812MINI_PLCC4_3.5x3.5mm_P1.75mm,161.15,-164.325,0.0,top
D296,SK6812,LED_SK6812MINI_PLCC4_3.5x3.5mm_P1.75mm,169.15,-164.325,0.0,top
D297,SK6812,LED_SK6812MINI_PLCC4_3.5x3.5mm_P1.75mm,177.15,-164.325,0.0,top
D298,SK6812,LED_SK6812MINI_PLCC4_3.5x3.5mm_P1.75mm,185.15,-164.325,0.0,top
D299,SK6812,LED_SK6812MINI_PLCC4_3.5x3.5mm_P1.75mm,193.15,-164.325,0.0,top
D3,ESDA5V3L,SOT-23-3,108.390209,-116.35979,-135.0,top
D30,SK6812,LED_SK6812MINI_PLCC4_3.5x3.5mm_P1.75mm,273.15,-92.325,0.0,top
D300,SK6812,LED_SK6812MINI_PLCC4_3.5x3.5mm_P1.75mm,201.15,-164.325,0.0,top
D301,SK6812,LED_SK6812MINI_PLCC4_3.5x3.5mm_P1.75mm,209.15,-164.325,0.0,top
D302,SK6812,LED_SK6812MINI_PLCC4_3.5x3.5mm_P1.75mm,217.15,-164.325,0.0,top
D303,SK6812,LED_SK6812MINI_PLCC4_3.5x3.5mm_P1.75mm,225.15,-164.325,0.0,top
D304,SK6812,LED_SK6812MINI_PLCC4_3.5x3.5mm_P1.75mm,233.15,-164.325,0.0,top
D305,SK6812,LED_SK6812MINI_PLCC4_3.5x3.5mm_P1.75mm,241.15,-164.325,0.0,top
D306,SK6812,LED_SK6812MINI_PLCC4_3.5x3.5mm_P1.75mm,249.15,-164.325,0.0,top
D307,SK6812,LED_SK6812MINI_PLCC4_3.5x3.5mm_P1.75mm,257.15,-164.325,0.0,top
D308,SK6812,LED_SK6812MINI_PLCC4_3.5x3.5mm_P1.75mm,265.15,-164.325,0.0,top
D309,SK6812,LED_SK6812MINI_PLCC4_3.5x3.5mm_P1.75mm,273.15,-164.325,0.0,top
D31,SK6812,LED_SK6812MINI_PLCC4_3.5x3.5mm_P1.75mm,281.15,-92.325,0.0,top
D310,SK6812,LED_SK6812MINI_PLCC4_3.5x3.5mm_P1.75mm,281.15,-164.325,0.0,top
D311,SK6812,LED_SK6812MINI_PLCC4_3.5x3.5mm_P1.75mm,289.15,-164.325,0.0,top
D312,SK6812,LED_SK6812MINI_PLCC4_3.5x3.5mm_P1.75mm,297.15,-164.325,0.0,top
D313,SK6812,LED_SK6812MINI_PLCC4_3.5x3.5mm_P1.75mm,305.15,-164.325,0.0,top
D314,SK6812,LED_SK6812MINI_PLCC4_3.5x3.5mm_P1.75mm,313.15,-164.325,0.0,top
D315,SK6812,LED_SK6812MINI_PLCC4_3.5x3.5mm_P1.75mm,321.15,-164.325,0.0,top
D316,SK6812,LED_SK6812MINI_PLCC4_3.5x3.5mm_P1.75mm,329.15,-164.325,0.0,top
D317,SK6812,LED_SK6812MINI_PLCC4_3.5x3.5mm_P1.75mm,337.15,-164.325,0.0,top
D318,SK6812,LED_SK6812MINI_PLCC4_3.5x3.5mm_P1.75mm,345.15,-164.325,0.0,top
D319,SK6812,LED_SK6812MINI_PLCC4_3.5x3.5mm_P1.75mm,353.15,-164.325,0.0,top
D32,SK6812,LED_SK6812MINI_PLCC4_3.5x3.5mm_P1.75mm,289.15,-92.325,0.0,top
D320,SK6812,LED_SK6812MINI_PLCC4_3.5x3.5mm_P1.75mm,361.15,-164.325,0.0,top
D321,SK6812,LED_SK6812MINI_PLCC4_3.5x3.5mm_P1.75mm,369.15,-164.325,0.0,top
D322,SK6812,LED_SK6812MINI_PLCC4_3.5x3.5mm_P1.75mm,377.15,-164.325,0.0,top
D33,SK6812,LED_SK6812MINI_PLCC4_3.5x3.5mm_P1.75mm,297.15,-92.325,0.0,top
D34,SK6812,LED_SK6812MINI_PLCC4_3.5x3.5mm_P1.75mm,305.15,-92.325,0.0,top
D35,SK6812,LED_SK6812MINI_PLCC4_3.5x3.5mm_P1.75mm,313.15,-92.325,0.0,top
D36,SK6812,LED_SK6812MINI_PLCC4_3.5x3.5mm_P1.75mm,321.15,-92.325,0.0,top
D37,SK6812,LED_SK6812MINI_PLCC4_3.5x3.5mm_P1.75mm,329.15,-92.325,0.0,top
D38,SK6812,LED_SK6812MINI_PLCC4_3.5x3.5mm_P1.75mm,337.15,-92.325,0.0,top
D39,SK6812,LED_SK6812MINI_PLCC4_3.5x3.5mm_P1.75mm,345.15,-92.325,0.0,top
D4,ESDA25P35,TVS_ESDA25P35-1U1M,112.1875,-135.0,0.0,top
D40,SK6812,LED_SK6812MINI_PLCC4_3.5x3.5mm_P1.75mm,353.15,-92.325,0.0,top
D41,SK6812,LED_SK6812MINI_PLCC4_3.5x3.5mm_P1.75mm,361.15,-92.325,0.0,top
D42,SK6812,LED_SK6812MINI_PLCC4_3.5x3.5mm_P1.75mm,369.15,-92.325,0.0,top
D43,SK6812,LED_SK6812MINI_PLCC4_3.5x3.5mm_P1.75mm,377.15,-92.325,0.0,top
D44,SK6812,LED_SK6812MINI_PLCC4_3.5x3.5mm_P1.75mm,385.15,-92.325,0.0,top
D45,SK6812,LED_SK6812MINI_PLCC4_3.5x3.5mm_P1.75mm,145.15,-100.325,0.0,top
D46,SK6812,LED_SK6812MINI_PLCC4_3.5x3.5mm_P1.75mm,153.15,-100.325,0.0,top
D47,SK6812,LED_SK6812MINI_PLCC4_3.5x3.5mm_P1.75mm,161.15,-100.325,0.0,top
D48,SK6812,LED_SK6812MINI_PLCC4_3.5x3.5mm_P1.75mm,169.15,-100.325,0.0,top
D49,SK6812,LED_SK6812MINI_PLCC4_3.5x3.5mm_P1.75mm,177.15,-100.325,0.0,top
D50,SK6812,LED_SK6812MINI_PLCC4_3.5x3.5mm_P1.75mm,185.15,-100.325,0.0,top
D51,SK6812,LED_SK6812MINI_PLCC4_3.5x3.5mm_P1.75mm,193.15,-100.325,0.0,top
D52,SK6812,LED_SK6812MINI_PLCC4_3.5x3.5mm_P1.75mm,201.15,-100.325,0.0,top
D53,SK6812,LED_SK6812MINI_PLCC4_3.5x3.5mm_P1.75mm,209.15,-100.325,0.0,top
D54,SK6812,LED_SK6812MINI_PLCC4_3.5x3.5mm_P1.75mm,217.15,-100.325,0.0,top
D55,SK6812,LED_SK6812MINI_PLCC4_3.5x3.5mm_P1.75mm,225.15,-100.325,0.0,top
D56,SK6812,LED_SK6812MINI_PLCC4_3.5x3.5mm_P1.75mm,233.15,-100.325,0.0,top
D57,SK6812,LED_SK6812MINI_PLCC4_3.5x3.5mm_P1.75mm,241.15,-100.325,0.0,top
D58,SK6812,LED_SK6812MINI_PLCC4_3.5x3.5mm_P1.75mm,249.15,-100.325,0.0,top
D59,SK6812,LED_SK6812MINI_PLCC4_3.5x3.5mm_P1.75mm,257.15,-100.325,0.0,top
D60,SK6812,LED_SK6812MINI_PLCC4_3.5x3.5mm_P1.75mm,265.15,-100.325,0.0,top
D61,SK6812,LED_SK6812MINI_PLCC4_3.5x3.5mm_P1.75mm,273.15,-100.325,0.0,top
D62,SK6812,LED_SK6812MINI_PLCC4_3.5x3.5mm_P1.75mm,281.15,-100.325,0.0,top
D63,SK6812,LED_SK6812MINI_PLCC4_3.5x3.5mm_P1.75mm,289.15,-100.325,0.0,top
D64,SK6812,LED_SK6812MINI_PLCC4_3.5x3.5mm_P1.75mm,297.15,-100.325,0.0,top
D65,SK6812,LED_SK6812MINI_PLCC4_3.5x3.5mm_P1.75mm,305.15,-100.325,0.0,top
D66,SK6812,LED_SK6812MINI_PLCC4_3.5x3.5mm_P1.75mm,313.15,-100.325,0.0,top
D67,SK6812,LED_SK6812MINI_PLCC4_3.5x3.5mm_P1.75mm,321.15,-100.325,0.0,top
D68,SK6812,LED_SK6812MINI_PLCC4_3.5x3.5mm_P1.75mm,329.15,-100.325,0.0,top
D69,SK6812,LED_SK6812MINI_PLCC4_3.5x3.5mm_P1.75mm,337.15,-100.325,0.0,top
D70,SK6812,LED_SK6812MINI_PLCC4_3.5x3.5mm_P1.75mm,345.15,-100.325,0.0,top
D71,SK6812,LED_SK6812MINI_PLCC4_3.5x3.5mm_P1.75mm,353.15,-100.325,0.0,top
D72,SK6812,LED_SK6812MINI_PLCC4_3.5x3.5mm_P1.75mm,361.15,-100.325,0.0,top
D73,SK6812,LED_SK6812MINI_PLCC4_3.5x3.5mm_P1.75mm,369.15,-100.325,0.0,top
D74,SK6812,LED_SK6812MINI_PLCC4_3.5x3.5mm_P1.75mm,377.15,-100.325,0.0,top
D75,SK6812,LED_SK6812MINI_PLCC4_3.5x3.5mm_P1.75mm,385.15,-100.325,0.0,top
D76,SK6812,LED_SK6812MINI_PLCC4_3.5x3.5mm_P1.75mm,145.15,-108.325,0.0,top
D77,SK6812,LED_SK6812MINI_PLCC4_3.5x3.5mm_P1.75mm,153.15,-108.325,0.0,top
D78,SK6812,LED_SK6812MINI_PLCC4_3.5x3.5mm_P1.75mm,161.15,-108.325,0.0,top
D79,SK6812,LED_SK6812MINI_PLCC4_3.5x3.5mm_P1.75mm,169.15,-108.325,0.0,top
D80,SK6812,LED_SK6812MINI_PLCC4_3.5x3.5mm_P1.75mm,177.15,-108.325,0.0,top
D81,SK6812,LED_SK6812MINI_PLCC4_3.5x3.5mm_P1.75mm,185.15,-108.325,0.0,top
D82,SK6812,LED_SK6812MINI_PLCC4_3.5x3.5mm_P1.75mm,193.15,-108.325,0.0,top
D83,SK6812,LED_SK6812MINI_PLCC4_3.5x3.5mm_P1.75mm,201.15,-108.325,0.0,top
D84,SK6812,LED_SK6812MINI_PLCC4_3.5x3.5mm_P1.75mm,209.15,-108.325,0.0,top
D85,SK6812,LED_SK6812MINI_PLCC4_3.5x3.5mm_P1.75mm,217.15,-108.325,0.0,top
D86,SK6812,LED_SK6812MINI_PLCC4_3.5x3.5mm_P1.75mm,225.15,-108.325,0.0,top
D87,SK6812,LED_SK6812MINI_PLCC4_3.5x3.5mm_P1.75mm,233.15,-108.325,0.0,top
D88,SK6812,LED_SK6812MINI_PLCC4_3.5x3.5mm_P1.75mm,241.15,-108.325,0.0,top
D89,SK6812,LED_SK6812MINI_PLCC4_3.5x3.5mm_P1.75mm,249.15,-108.325,0.0,top
D90,SK6812,LED_SK6812MINI_PLCC4_3.5x3.5mm_P1.75mm,257.15,-108.325,0.0,top
D91,SK6812,LED_SK6812MINI_PLCC4_3.5x3.5mm_P1.75mm,265.15,-108.325,0.0,top
D92,SK6812,LED_SK6812MINI_PLCC4_3.5x3.5mm_P1.75mm,273.15,-108.325,0.0,top
D93,SK6812,LED_SK6812MINI_PLCC4_3.5x3.5mm_P1.75mm,281.15,-108.325,0.0,top
D94,SK6812,LED_SK6812MINI_PLCC4_3.5x3.5mm_P1.75mm,289.15,-108.325,0.0,top
D95,SK6812,LED_SK6812MINI_PLCC4_3.5x3.5mm_P1.75mm,297.15,-108.325,0.0,top
D96,SK6812,LED_SK6812MINI_PLCC4_3.5x3.5mm_P1.75mm,305.15,-108.325,0.0,top
D97,SK6812,LED_SK6812MINI_PLCC4_3.5x3.5mm_P1.75mm,313.15,-108.325,0.0,top
D98,SK6812,LED_SK6812MINI_PLCC4_3.5x3.5mm_P1.75mm,321.15,-108.325,0.0,top
D99,SK6812,LED_SK6812MINI_PLCC4_3.5x3.5mm_P1.75mm,329.15,-108.325,0.0,top
L1,47uH/12A,IND-TH_L33.0-W15.6-P15.00-D1.5,123.75,-150.5,-45.0,top
Q1,STL6P3LLH6,STL6P3LLH6,103.1775,-161.25,90.0,top
Q2,STL6P3LLH6,STL6P3LLH6,124.5375,-135.06,180.0,top
R1,470,R_1206_3216Metric,99.1875,-153.75,0.0,top
R10,100k,R_1206_3216Metric,112.0,-100.25,-45.0,top
R13,10k,R_1206_3216Metric,116.2,-117.0,-90.0,top
R14,22k,R_0805_2012Metric,107.75,-160.25,-90.0,top
R15,100k,R_1206_3216Metric,108.5,-164.0,0.0,top
R16,100,R_1206_3216Metric,121.25,-133.5,90.0,top
R17,1k,R_1206_3216Metric,115.9,-135.3,180.0,top
R18,4.7k,R_1206_3216Metric,122.75,-110.0,0.0,top
R3,330,R_1206_3216Metric,133.25,-95.5,0.0,top
R4,1k,R_1206_3216Metric,97.6875,-149.75,180.0,top
R5,4.7k,R_1206_3216Metric,122.75,-113.0,0.0,top
R6,100k,R_1206_3216Metric,120.0,-106.25,-135.0,top
R7,10k,R_1206_3216Metric,107.25,-128.5,-90.0,top
R8,3.3k,R_0603_1608Metric,109.3,-129.775,90.0,top
R9,4.7k,R_1206_3216Metric,118.75,-117.0,-90.0,top
SW1,~,SW-SMD_4P-L5.1-W5.1-P3.70-LS6.5-TL_H1.5,117.5,-97.25,0.0,top
U1,HT7533-1,SOT-89-3,129.8875,-134.0,0.0,top
U2,~,USB-C-SMD_G-SWITCH_GT-USB-7010ASV,95.1975,-162.07,-90.0,top
U4,XL4016,TO-220-5L_L10.2-W4.5-P1.71-L,115.75,-129.5,180.0,bottom
U5,STUSB4500QTR,QFN-24-1EP_4x4mm_P0.5mm_EP2.7x2.7mm,113.75,-107.5,45.0,top
